Timestamp,EventID,SourceIP,Username,Status
2026-01-03 10:16:45,4624,183.214.x.x,d***a,Success
2026-02-27 07:56:50,4624,33.232.x.x,r***m,Success
2026-02-24 11:47:44,4624,103.173.x.x,s***z,Success
2026-03-15 16:08:57,4624,166.195.x.x,j***5,Success
2026-01-10 00:06:48,4624,54.249.x.x,c***7,Success
2026-02-06 18:02:56,4624,82.195.x.x,b***0,Success
2026-03-17 01:22:47,4624,37.27.x.x,m***s,Success
2026-03-03 17:15:07,4625,173.77.x.x,m***1,Failed
2026-02-21 20:38:10,4624,181.58.x.x,o***y,Success
2026-03-08 11:16:00,4624,35.148.x.x,l***o,Success
2026-01-26 23:52:53,4625,84.35.x.x,d***r,Failed
2026-01-14 20:54:53,4625,121.249.x.x,j***9,Failed
2026-02-05 03:30:46,4625,114.54.x.x,d***s,Failed
2026-01-15 20:08:45,4624,155.4.x.x,c***n,Success
2026-02-21 08:55:32,4625,112.47.x.x,m***a,Failed
2026-03-16 14:57:53,4625,135.35.x.x,r***0,Failed
2026-02-18 14:27:00,4625,179.103.x.x,m***9,Failed
2026-01-15 20:08:28,4624,42.86.x.x,g***y,Success
2026-02-05 05:48:23,4624,217.215.x.x,b***y,Success
2026-01-09 07:35:13,4624,178.54.x.x,d***z,Success
2026-01-26 17:37:36,4624,14.197.x.x,s***s,Success
2026-03-11 05:17:29,4624,55.230.x.x,c***m,Success
2026-01-25 01:39:43,4624,117.104.x.x,c***y,Success
2026-01-01 16:45:21,4624,67.196.x.x,c***n,Success
2026-01-07 21:06:34,4625,12.116.x.x,i***s,Failed
2026-01-24 14:13:28,4625,166.131.x.x,c***s,Failed
2026-02-11 03:00:35,4625,35.119.x.x,b***a,Failed
2026-01-25 03:24:40,4624,99.150.x.x,r***z,Success
2026-01-08 07:39:34,4624,19.34.x.x,p***r,Success
2026-01-10 01:19:04,4624,215.144.x.x,r***n,Success
2026-01-06 16:37:49,4625,104.8.x.x,y***r,Failed
2026-01-28 16:40:43,4625,63.37.x.x,j***n,Failed
2026-02-26 05:35:16,4624,177.243.x.x,b***7,Success
2026-01-06 12:32:20,4624,203.148.x.x,c***s,Success
2026-02-09 04:51:54,4624,79.193.x.x,h***t,Success
2026-01-26 07:37:41,4625,103.65.x.x,j***n,Failed
2026-02-14 09:24:37,4625,36.164.x.x,e***a,Failed
2026-01-08 02:42:35,4624,6.31.x.x,s***a,Success
2026-02-05 21:03:37,4624,60.11.x.x,c***0,Success
2026-03-06 09:48:27,4625,72.152.x.x,d***8,Failed
2026-01-27 10:37:02,4624,126.107.x.x,j***8,Success
2026-01-25 09:09:17,4625,209.160.x.x,w***a,Failed
2026-01-01 08:15:43,4624,40.95.x.x,e***8,Success
2026-02-24 11:00:27,4625,68.208.x.x,a***t,Failed
2026-02-11 17:28:32,4624,83.186.x.x,r***5,Success
2026-03-08 05:19:50,4624,113.165.x.x,k***9,Success
2026-01-23 23:38:16,4624,213.170.x.x,v***n,Success
2026-02-09 23:21:40,4625,163.248.x.x,e***6,Failed
2026-02-15 16:47:14,4624,119.93.x.x,k***3,Success
2026-03-06 01:59:19,4624,98.160.x.x,m***5,Success
2026-03-07 23:23:31,4625,192.42.x.x,w***a,Failed
2026-02-26 08:52:19,4624,203.97.x.x,r***n,Success
2026-02-12 08:52:17,4625,135.102.x.x,m***m,Failed
2026-01-05 07:25:41,4625,128.27.x.x,m***s,Failed
2026-03-02 12:03:26,4625,39.249.x.x,w***5,Failed
2026-03-09 16:36:48,4625,40.37.x.x,r***y,Failed
2026-03-01 18:15:13,4624,153.253.x.x,t***n,Success
2026-02-15 03:30:03,4625,22.214.x.x,y***n,Failed
2026-03-05 23:14:00,4624,85.115.x.x,c***n,Success
2026-01-22 19:27:02,4625,162.91.x.x,w***y,Failed
2026-02-14 05:11:47,4624,44.113.x.x,p***r,Success
2026-03-05 16:43:33,4624,134.210.x.x,z***n,Success
2026-01-05 21:01:02,4625,2.124.x.x,d***n,Failed
2026-03-15 07:51:36,4625,221.167.x.x,v***t,Failed
2026-02-13 16:44:18,4625,121.250.x.x,k***7,Failed
2026-01-27 15:51:30,4624,25.36.x.x,j***s,Success
2026-01-14 10:26:05,4624,110.32.x.x,j***n,Success
2026-02-02 03:00:34,4625,7.83.x.x,c***t,Failed
2026-03-16 07:57:52,4624,158.134.x.x,b***h,Success
2026-02-10 16:23:25,4625,5.195.x.x,b***n,Failed
2026-01-03 19:37:57,4625,57.224.x.x,m***n,Failed
2026-02-08 06:08:01,4624,129.188.x.x,d***k,Success
2026-01-18 15:27:33,4625,88.67.x.x,j***5,Failed
2026-01-28 00:23:05,4625,189.125.x.x,m***0,Failed
2026-02-03 23:28:00,4624,113.25.x.x,w***e,Success
2026-01-02 23:29:19,4624,143.68.x.x,t***n,Success
2026-02-15 03:36:27,4624,151.155.x.x,c***t,Success
2026-03-17 12:23:11,4624,164.250.x.x,l***h,Success
2026-02-08 12:16:18,4625,205.150.x.x,v***a,Failed
2026-01-10 21:26:50,4624,147.77.x.x,h***e,Success
2026-02-03 17:02:36,4624,13.237.x.x,h***w,Success
2026-02-17 14:15:09,4625,87.46.x.x,b***n,Failed
2026-03-13 05:52:01,4624,12.82.x.x,u***l,Success
2026-02-01 07:01:26,4625,169.22.x.x,n***7,Failed
2026-02-02 15:51:39,4625,84.205.x.x,t***y,Failed
2026-02-03 01:02:49,4625,126.141.x.x,b***s,Failed
2026-03-11 21:53:44,4624,47.97.x.x,f***r,Success
2026-01-02 16:10:46,4625,78.46.x.x,t***t,Failed
2026-02-15 22:46:36,4625,6.192.x.x,j***s,Failed
2026-02-04 03:46:40,4625,145.86.x.x,j***3,Failed
2026-01-12 14:34:57,4625,181.236.x.x,j***n,Failed
2026-01-10 18:14:34,4625,174.94.x.x,m***r,Failed
2026-01-27 15:11:30,4624,67.125.x.x,h***7,Success
2026-01-02 04:34:49,4624,158.10.x.x,l***r,Success
2026-01-25 12:19:02,4624,207.210.x.x,s***d,Success
2026-02-26 00:33:24,4624,131.110.x.x,e***t,Success
2026-01-09 06:29:09,4625,199.60.x.x,y***n,Failed
2026-03-17 07:29:49,4624,15.53.x.x,l***s,Success
2026-01-30 15:35:15,4625,131.218.x.x,m***d,Failed
2026-01-26 16:40:12,4624,138.13.x.x,g***s,Success
